dataset,clean_mAP_mean,clean_span_pp_mean,clean_span_pp_sd,mAP_drop_pp_mean,mAP_drop_pp_sd
ESCAPE_ESM2,,,,12.1,0.0
DRAMP_antibacterial,0.9029666666666668,2.7333333333333334,0.4163331998932266,0.1066666666666666,0.4361574639202376
APD6,0.9264,2.8,0.7000000000000001,1.47,0.2951270912674741
DBAASP,0.9313666666666668,1.7666666666666666,0.8020806277010644,-0.1366666666666666,0.4219399641339196
